ds,yhat,yhat_lower,yhat_upper,prioridade
2024-12-29,17.254441721954123,-43.40613593233845,83.87219457844947,P2
2024-12-31,43.827571380307404,-20.986545630210003,108.61871799052477,P2
2025-01-01,6.114001346520755,-62.39007801494306,65.24903955297785,P2
2025-01-02,46.151681622333925,-17.182891487363317,105.37887254161794,P2
2025-01-03,30.125765787098903,-29.09813862024182,85.42543697373372,P2
2025-01-04,17.879789779018708,-43.64221785959657,80.15144658565582,P2
2025-01-05,8.643055646807262,-48.18174960486568,67.8050856030429,P2
2025-01-06,32.68106831318079,-29.646934012963026,93.51561999067799,P2
2025-01-07,35.81517502594922,-29.14045509771505,99.65568733598444,P2
2025-01-08,39.55795728780969,-22.350754201595713,106.15724815364439,P2
2025-01-09,39.22637268329814,-22.019548217116096,99.3265825598681,P2
2025-01-10,23.90360604370747,-36.31036468957883,87.62620615073898,P2
2025-01-11,12.448257613569321,-48.51179969112434,78.51621635581088,P2
2025-01-12,4.072060662197149,-56.721910273557924,70.35368858762232,P2
2025-01-13,29.02082136341709,-30.69514629636045,95.6597572251728,P2
2025-01-14,33.094607453507415,-30.835672363741118,96.39269182134332,P2
2025-01-15,37.78373518933167,-25.091676305809965,98.01615861275494,P2
2025-01-16,38.38253500308155,-22.338749004348582,95.74702320991732,P2
2025-01-17,23.951837407789867,-35.25507209386941,83.04500112030779,P2
2025-01-18,13.32878865314142,-43.71192455320788,75.15662049454066,P2
2025-01-19,5.705170641521708,-55.04708907650615,66.94144159673861,P2
2025-01-20,31.308900813328066,-29.030061872043042,90.48563592053185,P2
2025-01-21,35.92472249090608,-27.66391406034121,98.06595209610835,P2
2025-01-22,41.030621097074665,-20.55007975189092,102.30051573833299,P2
2025-01-23,41.91193442486188,-22.094334943234745,103.1791012696355,P2
2025-01-24,27.624089237674937,-30.744568008912328,90.64432387936435,P2
2025-01-25,17.002566065170875,-44.3594011422102,79.50894462634612,P2
2025-01-26,9.24126342096801,-51.41492436334627,70.9082612036118,P2
2025-01-27,34.573935813260334,-23.596717930569312,98.78013936478979,P2
2025-01-28,38.79471816811675,-21.82078638434934,99.68700145013247,P2
2025-01-29,43.394277110356256,-19.01796686130319,105.90905099688118,P2
2025-01-30,43.67356519019788,-17.473820233165984,106.73237004966508,P2
2025-01-31,28.70612039003876,-33.62568972713267,92.9304296192052,P2
2025-02-01,17.347526173463457,-43.7596371023134,77.55854509476059,P2
2025-02-02,8.813217151338325,-54.434386185531075,68.10889883714823,P2
2025-02-03,33.35932111966671,-33.90453814662433,92.4139037871444,P2
2025-02-04,36.80256474719663,-27.17632469962438,98.11325036726602,P2
2025-02-05,40.65581231204109,-22.115015465343756,100.38079920343019,P2
2025-02-06,40.24120818844394,-24.75356533286944,99.34756887222288,P2
2025-02-07,24.651905289608422,-39.757841015386106,87.73673173676775,P2
2025-02-08,12.760999263249555,-48.49861874418941,72.47039897591908,P2
2025-02-09,3.7988703259732333,-58.69591101476317,69.12256393686268,P2
2025-02-10,28.033636142264534,-35.71485261162271,88.80897856864038,P2
2025-02-11,31.290755745556385,-29.01753680074587,96.72229402873188,P2
2025-02-12,35.088350376696944,-29.405077600526546,101.0808954717791,P2
2025-02-13,34.75024002805151,-28.922690386690256,94.09227516897143,P2
2025-02-14,19.367657357842585,-48.83900399952329,86.58606139586945,P2
2025-02-15,7.808269662038025,-55.02337937896007,67.94610327412443,P2
2025-02-16,-0.7085213317105143,-61.3493568829282,62.39911746286922,P2
2025-02-17,24.075827481939946,-34.74250535568673,85.49457147414024,P2
2025-02-18,27.97228181679922,-38.08833146407953,88.68935162426786,P2
2025-02-19,32.48220458358273,-31.775367382668932,94.37391445279198,P2
2025-02-20,32.91087764054604,-30.116652691960454,93.1615917307533,P2
2025-02-21,18.329744350635202,-44.34095526309621,82.88910728352197,P2
2025-02-22,7.585988086837766,-54.31388667750473,68.51772349108222,P2
2025-02-23,-0.11937331890754876,-64.0496482505792,62.76151231086783,P2
2025-02-24,25.449803713955298,-39.435717096690695,86.17176857584276,P2
2025-02-25,30.085291908568863,-32.24118756970539,88.60892712964488,P2
2025-02-26,35.27074828543949,-28.599422698768727,98.82061192965537,P2
2025-02-27,36.295692927576596,-25.445991424559285,94.22974769363887,P2
2025-02-28,22.218146214036665,-42.354225504158464,81.34810063353892,P2
2025-03-01,11.874529153000225,-47.59741037298319,76.04280822136037,P2
2025-03-02,4.4579987059128925,-58.7015433830224,66.30001836116293,P2
2025-03-03,30.199893261244537,-32.49247556453545,95.72630308311733,P2
2025-03-04,34.89030044755304,-25.581743843812117,93.57107574532085,P2
2025-03-05,40.01428654044805,-27.025094382368465,98.90063786516447,P2
2025-03-06,40.86576158951172,-18.399314447553763,101.93529397312861,P2
2025-03-07,26.50991991807357,-32.08644241191468,89.36096938547253,P2
2025-03-08,15.792867934331785,-46.69024797753677,75.45556486069934,P2
2025-03-09,7.91962045586147,-59.67226975485191,66.33167030599292,P2
2025-03-10,33.13515197709505,-27.47128614211791,94.13155440742842,P2
2025-03-11,37.2445277850532,-22.829311794154442,102.45608150861568,P2
2025-03-12,41.7486679998179,-16.63354095467041,102.87833250314894,P2
2025-03-13,41.957733127081525,-19.422305736338423,102.88047436117813,P2
2025-03-14,26.953085482753437,-31.738167134014546,88.6400019736651,P2
2025-03-15,15.59645287893651,-48.546296714865754,78.76619364902126,P2
2025-03-16,7.107489565491807,-53.946214748274514,67.04199466375825,P2
2025-03-17,31.74443356390998,-33.85256884613971,93.52571162087243,P2
2025-03-18,35.32389654668885,-23.559496202042418,95.99740065646542,P2
2025-03-19,39.35634879263454,-22.05154838331343,102.59139996860064,P2
2025-03-20,39.159295219268564,-25.07642130491687,97.44686977586257,P2
2025-03-21,23.819101973002617,-38.97347495710821,85.82260932546345,P2
2025-03-22,12.200102709069458,-50.31245011255592,75.26150688067959,P2
2025-03-23,3.5221798817088086,-52.40911501030947,69.11754163305376,P2
2025-03-24,28.041517743652314,-30.670515311179603,93.8341869500355,P2
2025-03-25,31.570559229622646,-29.370772525746027,95.89618954949381,P2
2025-03-26,35.61372200639768,-26.748520335519757,98.00695637763388,P2
2025-03-27,35.480861298692815,-29.001667631640586,99.68907612321392,P2
2025-03-28,20.24942858905388,-43.832257330233645,82.69175176534279,P2
2025-03-29,8.773943670291732,-58.11174272421168,67.05174192277768,P2
2025-03-30,0.2639627154588382,-59.50212298115641,59.736171816673945,P2
2025-03-31,24.965226197173664,-38.52991777024474,87.07101116058188,P2
2025-04-01,28.68000503195308,-35.785533780385244,85.74492667602806,P2
2025-04-02,32.903187820771336,-32.2835472716488,93.13344044891886,P2
2025-04-03,32.93608428608464,-25.961358173083774,97.60116779518663,P2
2025-04-04,17.84888295041133,-48.33672559097844,78.55656083372216,P2
2025-04-05,6.490370806654354,-55.43433237628112,63.92803598659675,P2
2025-04-06,-1.933910222555042,-63.29833039649273,65.92516648298427,P2
2025-04-07,22.819607854490535,-36.546176820343305,86.99601666169573,P2
2025-04-08,26.552919570692282,-35.10509833036741,88.35968695104381,P2
2025-04-09,30.76251725010946,-29.817360272512165,96.82129795247675,P2
2025-04-10,30.753109053476106,-36.55001458648141,90.09912424145514,P2
2025-04-11,15.59992505801133,-40.21650554557781,79.54921482253803,P2
2025-04-12,4.158224590397801,-59.270763222210604,67.84608008721467,P2
2025-04-13,-4.35881300084516,-63.9106541922983,61.46175454749065,P2
2025-04-14,20.30087299822992,-39.04160153720759,76.47363203770074,P2
2025-04-15,23.948281954067134,-36.24897802474984,81.79315466627685,P2
2025-04-16,28.089058286291788,-28.912084041395445,90.03148816641074,P2
2025-04-17,28.036835807043396,-30.855238723497997,88.91166838883487,P2
2025-04-18,13.969040984413635,-45.26144404724819,73.852500610243,P2
2025-04-19,1.4667121327090626,-63.05457181971807,61.362288027215335,P2
2025-04-20,-6.969263358699848,-72.2400448469367,53.72396911063764,P2
2025-04-21,14.997561399622843,-37.64842344866061,75.57526422806235,P2
2025-04-22,21.65984048995135,-39.573898397443365,85.32268002026267,P2
2025-04-23,26.045126807461543,-41.2407091906046,84.11757197133659,P2
2025-04-24,26.29208488820143,-39.017526996958104,86.7080591323166,P2
2025-04-25,11.480903922743579,-47.2805287001865,76.12291946500171,P2
2025-04-26,0.46878700647302196,-61.821137175642086,64.58958969758173,P2
2025-04-27,-7.5323713973035495,-64.68651434580852,56.155017413092246,P2
2025-04-28,17.724873695024257,-43.48742040646945,81.82774892368259,P2
2025-04-29,22.043589757508567,-41.22801507925294,88.09349148503927,P2
2025-04-30,26.918306061057955,-36.88363473929385,91.51859610800778,P2
2025-05-01,13.107952183639913,-48.56688487726015,81.06991488518713,P2
2025-05-02,13.30142611012893,-46.51540718927022,76.92898346885924,P2
2025-05-03,2.720660969331483,-56.17733769428883,67.11262599537632,P2
2025-05-04,-4.894716318483283,-67.39202317925852,57.12964387097493,P2
2025-05-05,20.690635857005052,-42.664741734057245,84.56917365616579,P2
2025-05-06,25.26892085579045,-36.094383822866135,89.9992928901507,P2
2025-05-07,30.32543569298207,-35.74232577348809,92.44838385486214,P2
2025-05-08,31.152515604073102,-29.61382856697247,98.04818917805567,P2
2025-05-09,16.812127201883786,-48.30273034041587,81.35274464870473,P2
2025-05-10,6.145715990595583,-56.372582887529674,62.25678986826715,P2
2025-05-11,-1.647519308852253,-64.26733584040132,59.22733118237255,P2
2025-05-12,23.67075012600393,-36.39686808896962,85.92086842511534,P2
2025-05-13,27.898475107557527,-33.53273832040809,86.3838085375326,P2
2025-05-14,32.52937465580324,-29.155679090129052,91.18346250998013,P2
2025-05-15,32.866710567827994,-29.27878060007638,99.76454689868805,P2
2025-05-16,17.985629774523392,-39.09420225568779,81.15149301961254,P2
2025-05-17,6.742686141222094,-55.50223985398457,68.10781699782783,P2
2025-05-18,-1.6462773595049924,-62.516017722902255,57.053305563385074,P2
2025-05-19,23.074800132094065,-34.669657956309365,81.67546810265667,P2
2025-05-20,26.722197571638162,-34.39420290050455,88.61549953431002,P2
2025-05-21,30.80803708208058,-29.681674574062903,94.9003620785479,P2
2025-05-22,30.653522570026325,-27.947763989986825,94.54079048345912,P2
2025-05-23,15.350747407871232,-41.7308403482274,77.45802116418469,P2
2025-05-24,3.77169857133358,-59.14226542573507,67.0225213485457,P2
2025-05-25,-4.854346148548572,-63.03500083817714,62.05437448281456,P2
2025-05-26,19.73967329521954,-45.746779369790424,81.46210537585998,P2
2025-05-27,23.378223455539,-40.374415351769315,83.76008643461863,P2
2025-05-28,27.57849980479657,-30.860356821235563,83.86663582400698,P2
2025-05-29,27.663446480649426,-35.955265254468806,91.11060679972972,P2
2025-05-30,12.723436297708062,-50.46817762425121,71.39385355979876,P2
2025-05-31,1.6252438126483142,-63.52392129871644,61.99618679897954,P2
2025-06-01,-6.4104895023310675,-68.23066554102287,54.17896058068802,P2
2025-06-02,18.871402635104904,-38.54033228192273,83.04290624933644,P2
2025-06-03,23.28049745258753,-37.35190916290166,85.40973880343343,P2
2025-06-04,28.316456485761563,-35.57207642479891,87.33355720703611,P2
2025-06-05,29.28247666447079,-33.22070328403418,87.36714117530839,P2
2025-06-06,15.247470795025126,-42.9279556683181,78.7311859627776,P2
2025-06-07,5.055596856397315,-53.93564873154418,64.75666398290478,P2
2025-06-08,-2.095679998091363,-64.25527113591824,54.86237291394682,P2
2025-06-09,24.025691519827703,-39.038970607047006,82.02652560375464,P2
2025-06-10,29.206862677583338,-33.808405258727056,92.30523932653666,P2
2025-06-11,34.926374946511636,-26.508451891828155,93.6964079658223,P2
2025-06-12,36.46819938704432,-27.55684148818383,97.26598413430715,P2
2025-06-13,22.884459913253565,-43.35464258106625,82.017336710256,P2
2025-06-14,13.005444215076164,-47.2994533642922,73.08664953118104,P2
2025-06-15,6.018071720143716,-55.04991759053113,65.78426687198802,P2
2025-06-16,32.147491025270284,-28.813255547978567,94.67313113006401,P2
2025-06-17,37.17781481848714,-27.071505201245117,99.04155833914852,P2
2025-06-18,42.58852678749328,-16.78874916318522,106.46347018598036,P2
2025-06-19,43.66852919183856,-21.712526315867144,105.82104989295901,P2
2025-06-20,29.478764817253133,-36.839394750733504,89.42917602125007,P2
2025-06-21,18.86201901769208,-43.51826927785582,78.89023224331788,P2
2025-06-22,11.02107672663809,-50.19186315300536,71.95478509299478,P2
2025-06-23,36.19991466741222,-24.90141399012859,102.75526134073044,P2
2025-06-24,40.20394781598992,-17.72844467058737,101.87250026067265,P2
2025-06-25,44.535877882321294,-21.189419381025424,106.58187047693463,P2
2025-06-26,44.50912787779234,-19.4210066772737,110.36576273553038,P2
2025-06-27,29.209813502514514,-31.517251789840948,90.2050394272866,P2
2025-06-28,17.50587524769756,-47.48394507392283,76.3764670611941,P2
2025-06-29,8.624564917869527,-52.92894637459257,68.4109190084118,P2
2025-06-30,32.83298573505252,-26.13316598770253,97.2991886530208,P2
2025-07-01,35.95772356455163,-23.774450687741094,94.17089893411553,P2
2025-07-02,39.52013454411378,-25.661077330957156,98.3805465881561,P2
2025-07-03,38.84928920099841,-20.78621289466682,103.61979205127264,P2
2025-07-04,23.043537869792164,-36.729622403549,86.43939393375626,P2
2025-07-05,10.979333001707452,-52.9551318093406,71.76563284251894,P2
2025-07-06,1.8885110251355286,-57.94643296949213,64.98512796275647,P2
2025-07-07,26.0387390624432,-38.5044413268229,86.10857048593817,P2
2025-07-08,29.25316657003635,-34.503441262130806,95.30775930852417,P2
2025-07-09,33.0458470322736,-24.35707548579699,96.99716103938881,P2
2025-07-10,32.73492593424093,-26.65721017753341,96.8799996549107,P2
2025-07-11,17.404552969494798,-44.10541294662655,76.98507809388956,P2
2025-07-12,5.914144201757097,-56.220557194265034,67.15442649893697,P2
2025-07-13,-2.523815713191091,-65.9929117050994,55.30057113710008,P2
2025-07-14,22.33725897122087,-35.8634243847027,84.24537022006517,P2
2025-07-15,26.298341351636846,-31.466393431833175,86.37373227842959,P2
2025-07-16,30.850878404056132,-28.91919995912147,87.88361207855226,P2
2025-07-17,31.290654894700584,-31.010932994997944,88.64727204749636,P2
2025-07-18,16.68037295369658,-42.61974439210637,73.59144124637562,P2
2025-07-19,5.859553663533418,-52.96096237745978,67.82392283393386,P2
2025-07-20,-1.9770680642752225,-66.2378468164234,56.93695545908648,P2
2025-07-21,23.402017655284947,-32.46890698713225,90.004724574948,P2
2025-07-22,27.78583092305563,-31.148447208769742,88.2934626247893,P2
2025-07-23,32.65734460614253,-30.48546428674787,94.16097846716531,P2
2025-07-24,33.30760065029101,-29.4106806726396,92.27629092439683,P2
2025-07-25,18.798430769434102,-40.2342956993807,81.27570535877679,P2
2025-07-26,7.97238331604084,-52.81561345801347,65.86525515547612,P2
2025-07-27,0.031026630284465284,-66.89656274479837,57.55815862320938,P2
2025-07-28,25.216303968360076,-37.90683761699263,89.19509219622209,P2
2025-07-29,29.330953502382243,-36.107819994325006,93.59730482251976,P2
2025-07-30,33.87453549386907,-27.780092636053016,96.48697111752212,P2
2025-07-31,34.15704462403049,-32.15511552086026,91.5593997284842,P2
2025-08-01,19.261052674078563,-45.95394463236135,79.61625075829888,P2
2025-08-02,8.050999828762208,-50.19917260495934,68.63096495885009,P2
2025-08-03,-0.24917676583348225,-63.989753511254165,59.182919961978605,P2
2025-08-04,24.624617445620906,-36.25425272734175,86.19798580338393,P2
2025-08-05,28.496360470323154,-37.661200774073485,94.22342160063089,P2
2025-08-06,32.8852676659518,-27.786312569377223,99.84916640212656,P2
2025-08-07,33.11877145922544,-29.500698014639227,94.93808319777786,P2
2025-08-08,18.294090542440152,-43.23757043547478,85.12208189887545,P2
2025-08-09,7.287023990946288,-54.37665756227409,69.67360079236275,P2
2025-08-10,-0.6708261160946023,-63.50573422112184,59.57394911345572,P2
2025-08-11,24.68830331249787,-31.93105826589724,87.74049203313007,P2
2025-08-12,29.18787321810339,-30.451905814855806,86.40953210182438,P2
2025-08-13,34.342326309539736,-28.190386441812528,96.9001014652541,P2
2025-08-14,35.47011902306983,-24.383325240669073,93.67068401486432,P2
2025-08-15,21.65546452985847,-42.362571416996076,78.97783939186172,P2
2025-08-16,11.757418122335245,-48.06076294297826,69.71642878130227,P2
2025-08-17,4.987501046028186,-58.379430507966646,67.40772799688726,P2
2025-08-18,31.590559130905454,-33.27102532387126,89.5794932697703,P2
2025-08-19,37.36488584777725,-23.22573497175461,95.97552997838527,P2
2025-08-20,43.79816226171398,-20.723778648759772,102.67319137611585,P2
2025-08-21,46.18119660820299,-14.357064908677788,103.98248575548855,P2
2025-08-22,33.570406906215425,-27.227787064060752,95.41586015455002,P2
2025-08-23,24.797657187527072,-36.86313968217956,86.46870284207603,P2
2025-08-24,19.04862262029955,-45.74662582908396,79.6504054281145,P2
2025-08-25,46.54435880404132,-12.4313221029344,104.45831916864164,P2
2025-08-26,53.06208493405798,-10.388381400850976,116.96250943847173,P2
2025-08-27,60.07171459949808,-4.427753089078153,123.46370218459553,P2
2025-08-28,62.850100145904854,5.76316972100789,124.01780177328624,P2
2025-08-29,50.443919575179436,-13.311554673433065,108.66029193200097,P2
2025-08-30,41.6798050517438,-20.225791318467117,102.52654586897057,P2
2025-08-31,35.742879539630586,-26.528280746171117,96.87387908653868,P2
2025-09-01,62.85837194635638,1.8118607239012339,128.51506957350938,P2
2025-09-02,68.81231871811933,6.6062758827946135,132.0022144738982,P2
2025-09-03,75.08788763651808,16.89919919969776,136.72974755493354,P2
2025-09-04,76.97929515095444,12.842642311635558,139.6153298681772,P2
2025-09-05,63.55425508118875,-3.5928825739323886,127.97048948632182,P2
2025-09-06,53.66356966315465,-2.887511040641147,115.74497575152849,P2
2025-09-07,34.73505044745204,-22.326887578204254,94.69674524893637,P2
2025-09-08,72.37441256183757,12.951233957808903,133.9560725073751,P2
2025-09-09,77.04530103015395,17.090723105094398,139.25634231037193,P2
2025-09-10,82.04478550290902,18.3728847316389,147.4050433248469,P2
2025-09-11,82.6965355029283,15.200490472827646,144.53822539378348,P2
2025-09-12,68.09650341083767,9.33691791247776,130.92133622553817,P2
2025-09-13,57.1217909279343,-4.9299305474332,113.43687205355525,P2
2025-09-14,49.007893805983194,-10.351465111238456,110.12493342324248,P2
2025-09-15,74.02903032546885,12.757881634088541,134.70770230913215,P2
2025-09-16,78.01759694281752,19.617485814308953,139.28010797185226,P2
2025-09-17,82.49932035781066,24.500286903385682,149.57995264559986,P2
2025-09-18,82.80610933639547,21.56476584037157,142.03860073483153,P2
2025-09-19,68.03757276445603,6.909530700250073,129.72799743134044,P2
2025-09-20,57.06983982319623,-1.3390038303406393,117.82884551386744,P2
2025-09-21,49.13288388265208,-18.254888084963085,111.33160914171356,P2
2025-09-22,74.49105283081767,13.049469432978293,140.0191770781332,P2
2025-09-23,78.96284250605407,18.530281791420304,143.77525935702414,P2
2025-09-24,84.05647325216574,25.431926453020214,138.46291111857758,P2
2025-09-25,85.0832601875315,18.973833014636217,148.3606792881575,P2
2025-09-26,71.11972857099688,12.418986300129326,135.02212328940706,P2
2025-09-27,61.01709287478037,-4.103974442522611,118.48462378920064,P2
2025-09-28,53.97928227389953,-7.441061964531065,114.61199566073837,P2
2025-09-29,80.24419525333926,20.224297930525847,139.2065617558506,P2
2025-09-30,85.60419949786818,28.62474782665828,147.27518414384588,P2
2025-10-01,91.54241664340616,31.34755276533068,150.9251325063457,P2
2025-10-02,93.34676269926373,32.097385798358104,159.49621196905642,P2
2025-10-03,80.0726769601408,17.584476049854135,143.38006069530903,P2
2025-10-04,70.55314121074639,9.909291190968412,132.56731007776017,P2
2025-10-05,63.97715731344786,4.260655699306671,126.32975842034558,P2
2025-10-06,90.571353927491,29.224758162973398,151.05287475771368,P2
2025-10-07,96.12072949135049,34.74419091687137,153.8811098903717,P2
2025-10-08,102.10506526193919,39.40254176134847,163.12665389427147,P2
2025-10-09,103.81297668620167,36.50565523462555,162.47235641948683,P2
2025-10-10,90.30453691904498,28.8895739974384,157.09295371006277,P2
2025-10-11,80.4210785457586,18.582447582102194,142.4028409148839,P2
2025-10-12,18.569408017355197,-40.36364580126209,80.65934553718613,P2
2025-10-13,99.37270160987748,38.05914448289808,159.35535890422412,P2
2025-10-14,104.2513404079327,47.116161014874045,167.19726753762203,P2
2025-10-15,109.49817139892582,48.95719483286245,170.52533226053518,P2
2025-10-16,110.42224226057508,52.75975614893698,170.09498717894445,P2
2025-10-17,96.10472482131976,30.78652486150764,157.1529133244008,P2
2025-10-18,85.40806490180557,22.48036053924936,147.07097836603378,P2
2025-10-19,77.55349457558513,15.79830065781566,145.3284689697264,P2
2025-10-20,102.80160712505096,42.89671613207774,163.70924777057732,P2
2025-10-21,106.97203285702368,47.05719903006096,174.13430395031136,P2
2025-10-22,111.57878162738737,44.478882075249764,174.20752398093526,P2
2025-10-23,111.94325214105709,51.32493247518341,176.45064997662485,P2
2025-10-24,97.15587250037133,33.44057673586623,157.36450721181208,P2
2025-10-25,86.08500682013951,28.96177320245567,148.53250546642641,P2
2025-10-26,77.95432941586557,21.788638280825896,143.37574482755457,P2
2025-10-27,103.0233701428989,42.67582567366084,164.80825924626586,P2
2025-10-28,107.10726931370606,46.55724173942387,173.50721710816774,P2
2025-10-29,111.71230478791503,45.21662080147156,173.29966687720534,P2
2025-10-30,112.14918512442213,51.41884507637612,171.05729972255267,P2
2025-10-31,97.49506407380315,35.298375035842895,158.98649782830918,P2
2025-11-01,86.60289940129871,23.17256340206213,149.3004956290654,P2
2025-11-02,45.184411311108754,-18.716805508611646,107.28553305500691,P2
2025-11-03,103.9658528854556,39.87442850198612,168.30892689220846,P2
2025-11-04,108.25903917026996,49.23819922569299,164.46116454100377,P2
2025-11-05,113.04680334700669,54.377142149457285,172.2296140945806,P2
2025-11-06,113.62223128567919,51.769701028962366,177.1048849342977,P2
2025-11-07,99.04618589988435,35.72613906908635,161.1019450093686,P2
2025-11-08,88.15720196505161,32.0134754100136,148.09355943953278,P2
2025-11-09,80.14985468711866,20.42672384715582,143.18961621020932,P2
2025-11-10,105.25627518442352,46.1842338691947,162.60409792850217,P2
2025-11-11,109.26682171369413,46.4050584512183,170.2179732338339,P2
2025-11-12,113.6664413474042,51.817781850353064,172.83045404059928,P2
2025-11-13,113.74869062796799,49.79258323963445,175.20937628625654,P2
2025-11-14,98.57834839619217,37.10412334440788,162.73708645087157,P2
2025-11-15,44.1230064109087,-16.24798119952546,101.44761978528317,P2
2025-11-16,78.22234599477353,20.50070442508866,138.96890230571566,P2
2025-11-17,102.48717585849735,45.70059207785973,166.8379787259143,P2
2025-11-18,105.6019211545437,46.0100569110012,174.0427762593943,P2
2025-11-19,109.06943694280599,48.79491632528341,172.28003189702056,P2
2025-11-20,243.29464690834024,183.5834832474635,305.9948040105774,P2
2025-11-21,92.08701500063503,30.446148857335206,152.62892016097908,P2
2025-11-22,79.58891011865565,19.575216737475763,140.37079837454473,P2
2025-11-23,69.93402335913484,11.375013001581543,131.09088290143728,P2
2025-11-24,93.3875668488775,35.686839939405665,155.67630643902706,P2
2025-11-25,95.7740704421749,33.15866681195886,154.66675481209043,P2
2025-11-26,98.61274604141192,32.11897350505826,158.33703582135612,P2
2025-11-27,97.23050266682743,35.75174605584736,154.63855166157987,P2
2025-11-28,80.72357553205173,18.34569057320126,143.26490408651594,P2
2025-11-29,67.9664033913278,4.84193252296764,133.07929219584003,P2
2025-11-30,58.18895577620685,-4.263616676955559,121.48535055754888,P2
2025-12-01,81.65721448610782,18.60962537439078,142.50408699807625,P2
2025-12-02,84.19284918028609,25.32882208923399,150.73273696079,P2
2025-12-03,87.30865169440062,26.209158827444245,151.16412290654964,P2
2025-12-04,86.32172553018394,28.06479759849966,151.0755605206569,P2
2025-12-05,70.31538881144286,7.238021746098276,131.279158223509,P2
2025-12-06,58.14841707032268,-1.0148891230237174,122.67364338556291,P2
2025-12-07,49.03281687428305,-18.29379713812017,110.19325139675286,P2
2025-12-08,73.21482165261591,12.705970822996033,137.27065469567944,P2
2025-12-09,76.49513455939619,11.014632963631524,137.58368729205725,P2
2025-12-10,80.36496641080208,20.828190719210895,145.3613110646633,P2
2025-12-11,80.11984748146851,18.12007564903084,145.69233819535836,P2
2025-12-12,64.8221532264134,5.997835856264234,125.93901261002,P2
2025-12-13,53.31095203912828,-6.8399884482076025,115.04706085026469,P2
2025-12-14,44.78034831343383,-17.136965283982,110.03848365395255,P2
2025-12-15,69.46099545571492,7.057642846129002,130.12955233072032,P2
2025-12-16,73.1407884935668,9.257858957852795,138.737772579179,P2
2025-12-17,77.30127109596128,19.974781911677784,137.47182493523297,P2
2025-12-18,77.23172492058224,19.117899470933782,142.11015659559803,P2
2025-12-19,61.991873161003234,2.348748478892471,122.39963226166489,P2
2025-12-20,50.42180112238408,-12.637328442049558,110.90151489156254,P2
2025-12-21,41.7202648806394,-14.224081368471026,103.18222116008893,P2
2025-12-22,66.12606359162766,1.944194235968897,129.36626194440151,P2
2025-12-23,69.43848912061236,8.314322454805088,131.98919284088004,P2
2025-12-24,73.15339482147354,10.33744409788555,129.9800586526793,P2
2025-12-25,20.236855589952906,-42.08578537701228,77.92770743004563,P2
2025-12-26,56.78740244311596,-3.752390562273572,121.61441795000623,P2
2025-12-27,44.64533161563451,-15.470010600342883,110.49441385769143,P2
2025-12-28,35.370470808871794,-33.10572400330648,96.23019201845196,P2
2025-12-29,59.222900102136336,-6.4752655549006155,122.68425342027923,P2
2025-12-30,62.02277658230881,-0.3786478048413745,118.68344729763828,P2
2025-12-31,65.28578375988741,7.123188168454355,120.84182279648402,P2
2026-01-01,23.36622267411311,-40.8364239713512,83.61518143172763,P2
2026-01-02,48.268596747570356,-15.047670668829381,111.01920625517243,P2
2026-01-03,35.9566512165026,-28.389046041972666,98.97918921017049,P2
2026-01-04,26.630522049489983,-32.23151069337059,90.5094479734761,P2
2026-01-05,50.55724536862877,-11.491467115859976,115.71177846467177,P2
2026-01-06,53.56034062951274,-8.71740060311821,115.75075509573817,P2
2026-01-07,57.155143382634876,-4.109511980863724,117.7405976678974,P2
2023-01-02,39.27378630430575,-16.876482527228198,94.94056689688443,P3
2023-01-09,21.983636933075204,-37.089088562291856,79.31695207237833,P3
2023-01-11,9.477521421986701,-51.02468109548828,65.2171822170522,P3
2023-01-16,1.2457589965439482,-60.78309123044039,60.05270996935327,P3
2023-01-17,-7.16662144541111,-69.66643062629468,48.80883930872939,P3
2023-01-23,-1.9090154051185664,-60.623414694195944,58.68938539244973,P3
2023-01-30,13.028648532347226,-46.70546241398452,67.92606284083926,P3
2023-02-02,10.859459959276684,-49.57539825751675,74.79798951688453,P3
2023-02-05,-37.79340560481434,-90.9120571400919,20.50663277367479,P3
2023-02-06,28.174747285535155,-30.591490796817265,83.89146604725445,P3
2023-02-08,24.14286446681328,-29.63670501377706,85.48309198277452,P3
2023-02-09,20.33962718028966,-38.9815777939196,79.71757912460008,P3
2023-02-14,19.5615919271033,-40.413533147345596,79.01006928696913,P3
2023-02-27,1.8792536705506606,-57.721422765147175,60.965179324635955,P3
2023-03-07,-2.253021671941159,-58.44372917223259,58.523143460551374,P3
2023-03-10,1.9419089722481004,-52.73967791858129,63.583431045949034,P3
2023-03-13,12.932050570078378,-47.572912746495064,74.25536510005968,P3
2023-03-15,9.65686544808726,-46.20580415385342,69.70838533340732,P3
2023-03-16,6.576438115967296,-52.004142626892616,65.36033441891709,P3
2023-03-17,10.670324954900114,-46.87925468311686,70.2307771125629,P3
2023-03-21,11.829614613720373,-47.500911836694534,75.29575774393335,P3
2023-03-31,2.701934357136377,-56.471293545211374,59.51951147196073,P3
2023-04-03,5.9550318478320285,-53.5460477771814,61.06460228376192,P3
2023-04-10,2.4131823899079308,-55.88404689425946,64.09917196910152,P3
2023-04-19,-0.33396073086301215,-60.81827504402116,55.41420131787685,P3
2023-04-20,-4.049006930792672,-63.39251916111889,58.173018051758575,P3
2023-04-26,0.7331308372405552,-54.32904409795582,57.732529042242355,P3
2023-04-27,-3.5603474898399377,-62.32578961004639,55.59243817997029,P3
2023-05-05,-3.647407036608147,-63.03868922431624,53.24010315062726,P3
2023-05-06,-44.946227104130074,-105.5455858387889,11.524526436629632,P3
2023-05-23,-0.15071864638853327,-57.8486440718645,59.530725931407666,P3
2023-05-25,-2.617245829031198,-59.323006272280736,56.56787416940783,P3
2023-05-30,1.1437924555357526,-57.1517628343559,59.42516557285052,P3
2023-06-12,1.197241116947577,-57.14857354820307,56.86431871117856,P3
2023-06-22,-11.434683028332758,-66.02424588374431,48.34486082007735,P3
2023-07-03,-5.466057259223116,-65.7297929366344,53.35587166429023,P3
2023-07-11,-17.85451931681372,-74.51187310913005,38.3816184312149,P3
2023-07-26,-11.137238251097296,-69.96233937027861,52.09948196255382,P3
2023-07-27,-14.10332412869614,-68.69147244493573,46.137775893592874,P3
2023-08-23,-25.806367446822417,-82.86801769386942,33.90535879254664,P3
2023-08-31,-18.193506137686978,-81.5819248987863,43.05371145223116,P3
2023-09-05,2.665217848442686,-57.00365644079764,62.2419861790969,P3
2023-09-14,29.69728965363843,-30.30114989499019,89.44982900323946,P3
2023-09-18,44.7326864602888,-15.214562974114425,102.89097349559691,P3
2023-09-24,-25.1378085138862,-82.42397741132676,34.13551228801819,P3
2023-09-26,28.11701162190544,-34.59492599736923,83.926634190814,P3
2023-09-27,26.21111106804475,-31.27219106948016,79.06272893944768,P3
2023-09-28,19.17191617488962,-39.35554579208198,72.84134567902063,P3
2023-09-29,19.33689498814595,-36.17474007162953,78.81102383146376,P3
2023-10-02,16.13778566987435,-44.61331742754254,74.71452774001294,P3
2023-10-03,6.244013854253639,-53.04648459975163,64.00280426784694,P3
2023-10-05,-3.40415556285655,-60.74262224449249,57.22824094092103,P3
2023-10-09,-4.681401026408404,-64.94806380951458,52.69545670715837,P3
2023-10-10,-13.605962390756707,-72.8466987979546,42.369864622526606,P3
2023-10-11,-14.882401927029964,-77.36206726009821,44.43758480277823,P3
2023-10-18,-23.71650865410274,-83.00248718798083,34.046637383013476,P3
2023-10-23,-19.12245230141628,-74.16816699073463,39.473898167787354,P3
2023-10-24,-25.642077856377078,-87.86801867642028,32.49162754450438,P3
2023-10-25,-24.65865190746468,-86.421734784174,32.82455033397062,P3
2023-10-27,-25.285784378131662,-83.92516018934911,31.226589566820653,P3
2023-11-02,-35.076587790471955,-93.123927982271,22.259708208156624,P3
2023-11-05,-83.09893447810168,-146.9654616406448,-26.538731398793065,P3
2023-11-06,-18.869830379070844,-74.48413333709281,38.713505626843556,P3
2023-11-07,-25.907005113342386,-82.11870176964446,33.279989221046506,P3
2023-11-12,-87.86899062590123,-143.30178979912978,-28.38945200887837,P3
2023-11-13,-24.50131232100125,-83.1814242662618,36.4177697465078,P3
2023-11-15,-62.822328820885645,-118.42138387112998,-5.300895915859675,P3
2023-11-17,-36.98754698732433,-92.25416139475232,22.644231364129517,P3
2023-11-28,-52.923469427711744,-111.8250091843155,5.227030843396594,P3
2023-11-29,-52.42209372052721,-110.322006195317,4.426706675393267,P3
2023-12-04,-42.24870153031972,-102.50776307220453,16.938135699033182,P3
2023-12-05,-46.57095498605753,-108.54116394491267,9.72434598146111,P3
2023-12-14,-8.48625443969745,-67.69595665640358,52.92439372580818,P3
2023-12-30,30.133385936331177,-30.027474426950718,86.50467911976247,P3
2024-01-08,62.35869433803524,6.182153268850353,119.34391327004606,P3
2024-01-18,22.484608983916438,-34.63612512054365,85.56907217990616,P3
2024-01-22,30.099294158948357,-30.11821174363421,87.90232358049013,P3
2024-01-24,25.898040229619497,-30.867156792572583,83.885981564295,P3
2024-01-30,37.02179128699381,-20.867012931645927,94.17684779004938,P3
2024-01-31,40.28753569011785,-19.93128336269736,99.85014067676642,P3
2024-02-01,38.572833159856266,-15.680315946631566,94.9693091738642,P3
2024-02-16,43.792805777317795,-22.335006908215036,98.2265371307537,P3
2024-02-20,34.09116371780177,-26.807321612022204,97.54390162001884,P3
2024-02-21,32.46909401922526,-28.280803623493114,87.89317835490118,P3
2024-02-24,-15.865750978532352,-74.50387024399319,42.05156793096871,P3
2024-02-27,20.391681378548594,-38.910373099326705,82.19744717102012,P3
2024-02-28,20.246692965618024,-36.77593071436443,76.74055363821368,P3
2024-03-02,-22.603237397544547,-84.68866146855932,36.736449118179245,P3
2024-03-04,25.552508713527317,-31.74633553911169,85.57535283922479,P3
2024-03-05,19.638757306876172,-41.722187177607644,81.19962217762921,P3
2024-03-06,21.35770000096591,-37.46189944783884,86.48223918206116,P3
2024-03-07,18.304746404919676,-37.61311295022544,79.22754776458875,P3
2024-03-08,22.731823458614862,-35.96681028965546,85.02757771801362,P3
2024-03-09,-16.923094948051787,-77.27778383002612,41.8636355677881,P3
2024-03-10,-32.71515853959737,-95.7235775553263,26.423545259953773,P3
2024-03-11,33.09846055010486,-23.41397578926996,96.21508729714564,P3
2024-03-12,27.701663423189228,-28.981332106660926,86.95444484290402,P3
2024-03-13,29.650553412323575,-27.20789664052057,88.17731768558882,P3
2024-03-15,30.85148429659105,-28.157408879215975,85.57143271667293,P3
2024-03-19,32.610673756555215,-30.301262525073387,87.50328917477702,P3
2024-03-22,31.628163487459695,-28.556057722753994,91.92827017732797,P3
2024-03-23,-9.999499433366378,-63.93734827652574,48.02928267173798,P3
2024-04-02,18.653755950967767,-40.86888014902115,75.27075246415154,P3
2024-04-03,18.413160269673046,-41.05735771090307,74.93637234696548,P3
2024-04-06,-25.745843547555985,-85.1645701217195,36.408424900931635,P3
2024-04-10,14.749816336745605,-44.660386558625476,72.91338835469381,P3
2024-04-13,-26.62512610507987,-86.36696429112008,35.78332041762406,P3
2024-04-15,21.453882273525196,-35.54597760901293,85.72496573044668,P3
2024-04-16,15.185484153518434,-42.857359120997174,73.30235058765814,P3
2024-04-18,12.568636363408087,-50.26118746639243,73.74537256908609,P3
2024-04-20,-24.569540586257915,-84.71398528107291,28.49740656460538,P3
2024-04-23,16.508275919034084,-42.89854548502285,73.61492762998631,P3
2024-04-24,17.226111039371666,-41.50903667895724,74.96699414972083,P3
2024-04-25,12.921152530780743,-50.74267787606727,75.29974651922194,P3
2024-04-27,-25.3824857315642,-81.45767238445028,35.09006453857841,P3
2024-05-01,-6.351783681523614,-65.07149862106,53.50774035754232,P3
2024-05-08,10.653293153104102,-48.297154491412904,66.72641194992816,P3
2024-05-09,6.372872265457613,-54.27845193065869,64.59779066223211,P3
2024-05-10,9.546250067261017,-52.580270394517285,66.43425950503563,P3
2024-05-13,16.43261512085881,-40.69612594405686,74.74465698856613,P3
2024-05-15,11.275931451813271,-47.80300365374336,73.33392625448849,P3
2024-05-16,7.584486598343072,-51.9116110526237,68.7010189749488,P3
2024-05-17,11.303379430337435,-48.224347500097394,71.03916086268856,P3
2024-05-22,14.559401483776034,-46.76964496738056,76.64377518862965,P3
2024-05-24,14.46148957213839,-45.07063546277194,73.6648724596366,P3
2024-05-28,14.952263958836769,-43.179656039795226,73.83894987350527,P3
2024-05-29,15.668247198985595,-43.47417982872101,74.90953452830631,P3
2024-05-31,14.311750687164103,-42.927064784631284,72.97455988210478,P3
2024-06-06,7.735711262820096,-53.54347020272336,64.26631176678424,P3
2024-06-08,-31.24257432189124,-93.81907747896189,30.59229567721036,P3
2024-06-10,14.958489281008895,-41.30854751287031,70.37913453615563,P3
2024-06-12,8.04215897144072,-53.3827413837117,66.5660060320467,P3
2024-06-13,3.4453079458421603,-52.73521229607358,63.54276865056441,P3
2024-06-14,6.264797627952401,-52.471655709741285,65.38233917953706,P3
2024-06-15,-35.01811161360858,-97.70853839802012,27.548170896110513,P3
2024-06-18,4.999257273324305,-55.50308455674965,63.271486471744396,P3
2024-06-24,10.42897575269736,-47.77505184550898,67.23093614698844,P3
2024-06-25,3.5700202035488875,-49.7412533946087,60.7564341926766,P3
2024-06-27,-0.3570890602537602,-57.52256255952414,56.73666971443744,P3
2024-07-02,0.12984057868927446,-58.3252199779073,61.58918641498876,P3
2024-07-04,-4.650262730428704,-60.32506642166841,57.13762375304175,P3
2024-07-05,-2.193257286198834,-57.090811152946074,64.15431590242183,P3
2024-07-06,-43.9064917682802,-103.12089665320676,13.357175700261488,P3
2024-07-09,-5.372761466281425,-63.56331285709565,57.55688182141456,P3
2024-07-10,-5.223792575277471,-65.4191032804537,53.52871785836135,P3
2024-07-11,-9.921713157850439,-71.45296504333764,52.49858613000477,P3
2024-07-12,-7.155455573639863,-60.032084450192485,51.607358786529794,P3
2024-07-15,-1.2837270278161823,-59.32800789788335,58.0351365360385,P3
2024-07-17,-6.798223135044953,-64.57984774839917,54.78275800485017,P3
2024-07-18,-10.53380421609551,-72.58616550731391,45.21162335716199,P3
2024-07-19,-6.7561927290713575,-66.92555499838711,51.132664791321375,P3
2024-07-22,2.1755225075137665,-54.50174013845096,61.90638095232369,P3
2024-07-23,-3.4456472102332687,-62.420073270297834,54.45586558365384,P3
2024-07-25,-4.582294952994083,-65.89256044372948,54.10011518086539,P3
2024-07-30,3.5357886655021957,-53.20845415080752,62.784033339929735,P3
2024-08-01,1.382564662929807,-57.12407960441153,62.3245279101407,P3
2024-08-04,-53.1468368305642,-107.50404948800698,5.961685914723858,P3
2024-08-05,11.006764662723445,-47.32932122584694,71.31879582697879,P3
2024-08-07,3.7415092408772983,-57.097846784381574,59.16092560996043,P3
2024-08-09,0.5625691768348644,-60.27900117989014,57.66415434490762,P3
2024-08-13,-5.903570640383386,-62.58578770537978,54.096724839548216,P3
2024-08-20,-16.12699753953991,-74.04443018839693,39.960927343471994,P3
2024-08-21,-15.91113962800242,-77.37070618618202,40.38233960312123,P3
2024-08-22,-20.295276036877556,-83.94264107166721,38.01773912502268,P3
2024-08-23,-16.958632533281904,-75.2427388561044,42.75926672621835,P3
2024-08-26,-7.811086030709914,-69.7201920679754,45.76431616398039,P3
2024-08-27,-12.766293595470081,-71.2500997137185,45.031924290329236,P3
2024-08-30,-5.553491261252942,-63.77283765179621,54.35357932648849,P3
2024-09-03,8.227055610972105,-51.658728800882244,68.09921509060983,P3
2024-09-04,12.955257026566999,-47.09884863204346,66.35182240820217,P3
2024-09-10,34.910016046947376,-21.34757816212743,93.89998310922621,P3
2024-09-11,38.91216571219878,-18.278470111566527,95.63461457102176,P3
2024-09-18,50.48307164272417,-9.936638537569088,109.5063154013072,P3
2024-09-19,46.29220376595629,-11.228518070754658,108.43157360894453,P3
2024-09-20,49.024161063416116,-10.247356558059293,105.20305465027093,P3
2024-09-23,51.59143431546385,-9.370386428699543,107.94143193511168,P3
2024-09-24,42.9592560251059,-14.1016574727305,98.98842340462903,P3
2024-09-25,41.46532587743263,-21.317352740222685,95.76574538441663,P3
2024-09-26,34.783679000812086,-24.9724679536824,92.41424387761715,P3
2024-09-28,-8.60979309630816,-67.01421731451259,49.25682748632565,P3
2024-09-30,32.62090000174828,-27.31206820668786,89.87097743293526,P3
2024-10-01,22.81082473404008,-38.02070592184888,77.7941824532566,P3
2024-10-02,20.443084118021993,-41.96853882837893,77.84053338196627,P3
2024-10-03,13.189576762883373,-48.014994873197224,71.87507135474884,P3
2024-10-04,13.378607234063903,-41.68682746129408,70.51355745174162,P3
2024-10-07,11.534905768681007,-48.795463322560536,70.7940228729296,P3
2024-10-08,2.457026997010562,-59.57546612834609,56.75898889712753,P3
2024-10-09,1.0145841302467709,-55.32607027752008,58.8412106203776,P3
2024-10-11,-3.733984253097889,-61.89675559665816,57.17871941293672,P3
2024-10-14,-1.3799885876626803,-63.00120454300126,59.42236056667697,P3
2024-10-15,-8.978904565529588,-69.6312006564222,50.619812963879085,P3
2024-10-22,-11.245524796355165,-72.67164943607142,46.93238924566683,P3
2024-10-23,-10.250748710743947,-69.78149818405556,48.98203711006797,P3
2024-10-25,-10.56466926263072,-68.76379891628802,51.21561294878336,P3
2024-10-26,-51.133480299037835,-108.92497465660854,5.699080929460289,P3
2024-10-27,-67.84994934364687,-129.0983451042926,-13.329122275842709,P3
2024-10-28,-2.9438489767905214,-60.29255989077958,52.51285048540356,P3
2024-10-30,-8.05263773813125,-68.19679305968441,49.92462669100003,P3
2024-10-31,-11.867949049355005,-67.28308506409984,49.09055658180123,P3
2024-11-01,-8.371487733163926,-67.57796956843404,51.73919213216806,P3
2024-11-04,-1.5008525341591064,-59.7230194100576,58.980263595400594,P3
2024-11-05,-8.193161817375907,-71.79367369796375,52.581779673325336,P3
2024-11-06,-7.554774437047577,-63.70775405505693,53.031966917158,P3
2024-11-07,-11.96090830471892,-69.99688792552101,45.39891843593106,P3
2024-11-08,-9.125790499143433,-65.96233581776433,48.91468886359002,P3
2024-11-09,-50.57403962207985,-112.16531104006076,11.505151553705051,P3
2024-11-11,-4.581264983605912,-63.82176239292439,55.209027525953516,P3
2024-11-14,-17.648566299733087,-76.94381437781281,42.89128796293762,P3
2024-11-16,-57.956163018748086,-112.70221159489704,5.372955097127099,P3
2024-11-18,-13.440589548314666,-71.70466205348409,48.00560196721883,P3
2024-11-19,-21.588797582164673,-78.91735906408141,40.89037999491986,P3
2024-11-21,-27.911866342548016,-86.29632302288404,29.154268986410468,P3
2024-11-22,-26.094193650152228,-82.59304869372262,28.97347600794513,P3
2024-11-25,-23.048652587150436,-84.33215673988501,34.03340720490825,P3
2024-11-26,-30.43778496963108,-87.35848687392301,29.159159498078623,P3
2024-11-27,-30.120507884443956,-87.7747943324338,28.603606220181753,P3
2024-11-28,-34.42247931307833,-97.13559701696276,25.299433082349907,P3
2024-11-29,-31.011503195279495,-91.27310601350098,27.737074255872695,P3
2024-12-02,-21.51713577369632,-81.44050396548877,35.66199502098747,P3
2024-12-03,-26.24262854017786,-85.57414962807337,28.405749284636222,P3
2024-12-04,-23.041479534514213,-81.92117194532804,40.015505860704536,P3
2024-12-05,-24.270771890823216,-82.0924714476713,35.41104808014455,P3
2024-12-06,-17.63565374766772,-76.11751839853052,38.46717599680674,P3
2024-12-09,1.988166029546619,-55.817624827797324,61.41530313878331,P3
2024-12-10,0.6197691559389185,-55.33845033172241,62.00987149112814,P3
2024-12-11,7.075026678465564,-49.21784366033201,66.91357464396613,P3
2024-12-12,8.938650486955025,-52.96289411801473,69.88587802923082,P3
2024-12-13,18.447462058958003,-37.89939051285841,77.12849109089213,P3
2024-12-15,-26.425197346396494,-86.47819801452454,30.46037899048552,P3
2024-12-16,44.8260727984015,-9.381529710931746,104.38569014020396,P3
2024-12-17,44.9222614428969,-14.571911488220262,102.06126220903141,P3
2024-12-18,52.379812254755244,-5.934479802900844,110.48195286426959,P3
2024-12-19,54.75272896520196,-3.4036079086464777,111.08660769764471,P3
2024-12-20,64.25551936828893,1.0334181671630123,122.39678956181429,P3
2024-12-21,29.404438676864892,-31.40076235925603,89.96392793026693,P3
2024-12-23,87.77556694059007,31.790405964446084,142.3258189319087,P3
2024-12-24,85.88302281827112,24.531668140711425,145.0765334991441,P3
2024-12-26,90.3286677949862,29.319931988445596,149.2965503478398,P3
2024-12-27,96.51823613629949,37.47237322896101,161.80174487360418,P3
2024-12-28,57.89858368950285,-4.522110544261024,118.67885467200847,P3
2024-12-29,42.4481689171983,-16.573789730245196,103.13815933930248,P3
2024-12-30,107.95468981345965,50.3504924861058,168.28113016973768,P3
2024-12-31,101.65707745044438,42.28912921953231,158.4676424829038,P3
2025-01-01,7.354120461148483,-50.513498823959864,64.00778472988488,P3
2025-01-02,97.17866200962749,34.63373407754804,157.98712956227888,P3
2025-01-03,99.00612913812856,39.966850530962866,157.81318374965338,P3
2025-01-04,56.194142246678446,-2.686011985614054,111.83632201703787,P3
2025-01-05,36.79490902921587,-21.763786124439967,95.51341663630102,P3
2025-01-06,98.66502573010177,38.18759221645432,158.41957705427538,P3
2025-01-07,89.10593877059208,28.604041361780745,150.27670661350334,P3
2025-01-08,86.79238822926911,34.90177429087069,146.0705201244612,P3
2025-01-09,79.43927894391305,20.819681449330613,136.03317478116153,P3
2025-01-10,79.42136398268966,20.923166857636684,136.48236675417354,P3
2025-01-11,35.30883020586539,-23.9270897828943,94.38171561939427,P3
2025-01-12,15.158313988179515,-40.89248053780451,69.89301121696539,P3
2025-01-13,76.82809861331367,9.952902198116064,133.3962224314736,P3
2025-01-14,67.60957995097772,8.83244264593908,123.60715275461126,P3
2025-01-15,66.15595866210222,8.368280582471892,125.21111723348126,P3
2025-01-16,60.14962941204793,-0.23543450527700047,122.22865217201523,P3
2025-01-17,61.922640411409475,2.4524551826876695,125.4171433759192,P3
2025-01-18,19.9843243806611,-38.11765880243628,80.76132719094957,P3
2025-01-19,2.340458185347657,-54.50270909165358,65.29782217388487,P3
2025-01-20,66.78296650536464,8.795479932602579,122.19052679676857,P3
2025-01-21,60.531928268482496,4.483214656571753,118.15761735426109,P3
2025-01-22,62.165952497935464,0.6474516491294853,113.57695194105976,P3
2025-01-23,59.29132342985659,2.8810690160706,118.27214449338673,P3
2025-01-24,64.1642450483294,5.820231510561869,124.43507162308387,P3
2025-01-25,25.22024218808711,-34.001256458877855,82.69408454552239,P3
2025-01-26,10.395031858824034,-48.37850282611155,71.54624831079886,P3
2025-01-27,77.41583804651574,18.539797845171453,136.55578404133843,P3
2025-01-28,73.44486918699019,15.34376302113885,132.24533428962332,P3
2025-01-29,77.01098903015966,18.399969142934115,135.59624032450992,P3
2025-01-30,75.6799493482834,16.523381157978513,133.95614856762305,P3
2025-01-31,81.67748887654403,19.29797445728473,138.77976302795665,P3
2025-02-01,43.41933410138007,-11.842223224315308,102.4046223220554,P3
2025-02-02,28.832405022180282,-26.660201830274765,88.21255535867073,P3
2025-02-03,95.6461895034532,35.325924572462796,154.326301094501,P3
2025-02-04,91.03600728443902,30.641626563450718,152.43464619677107,P3
2025-02-05,93.5542014301811,35.13482678190397,154.45415081365266,P3
2025-02-06,90.7996398268276,27.692392762192956,147.9679441578618,P3
2025-02-07,95.03985134210508,35.471181745100004,151.55748704167573,P3
2025-02-08,54.7398601137794,-4.892665437092085,116.90300601789085,P3
2025-02-09,37.882049565881516,-18.133352225501564,96.00504577592687,P3
2025-02-10,102.25605847254579,44.572940739501554,162.48177503628347,P3
2025-02-11,95.10046765993442,40.02264657378783,156.13199345359965,P3
2025-02-12,95.03235669632743,38.38138421863041,156.035089278616,P3
2025-02-13,89.71515559551662,33.89050975671386,148.93362872837506,P3
2025-02-14,91.47915860859226,32.28323400403573,155.4131637087199,P3
2025-02-15,48.84880492832973,-10.74351641541075,104.34175156795574,P3
2025-02-16,29.86109709383524,-31.137424048290374,86.08657226074475,P3
2025-02-17,92.35419540594319,32.029980005654764,150.22459524966266,P3
2025-02-18,83.60797881168008,25.304670796724963,143.14822936504345,P3
2025-02-19,82.27267854738294,24.563293055386204,140.25888204695622,P3
2025-02-20,76.03603084519415,15.610575431451895,137.76961799588213,P3
2025-02-21,77.24333105061947,15.362725062765795,135.65735229695682,P3
2025-02-22,34.42450261119218,-24.087051771735112,92.5299901747331,P3
2025-02-23,15.612553825690348,-47.74516215123464,75.0054268124279,P3
2025-02-24,78.6324560834734,17.776287159611417,137.6095608077552,P3
2025-02-25,70.74222302066889,11.0533406741327,131.24271384517832,P3
2025-02-26,70.56227975862724,7.545545901721089,127.50665635392981,P3
2025-02-27,65.74354588138326,1.9696490421249662,125.13098652209563,P3
2025-02-28,68.58858684324103,10.385778723209102,126.88178191625842,P3
2025-03-01,27.579915662178802,-31.49151943779398,85.46101242832755,P3
2025-03-02,10.69978287906201,-49.03725215946044,67.7689224583479,P3
2025-03-03,75.72045142425583,15.314159100764517,135.22088428559724,P3
2025-03-04,69.84669754953687,9.612610166743512,129.22067317578933,P3
2025-03-05,71.64658857718854,16.1082053338555,134.2733726219425,P3
2025-03-06,68.72092364208645,10.740664257662267,129.71840549779898,P3
2025-03-07,73.32565654459805,14.203746156290046,130.86967668221158,P3
2025-03-08,33.90134988443157,-24.63396904500551,94.89794570181051,P3
2025-03-09,18.39396948849252,-41.04283872935331,79.28814833764976,P3
2025-03-10,84.54599128206391,27.262765154902787,146.89708288986054,P3
2025-03-11,79.53954237713205,18.21355312870271,139.33851411927273,P3
2025-03-12,81.9276132417269,22.794030149601713,145.91278804713025,P3
2025-03-13,79.30371916673641,21.342179602808674,133.58087280709046,P3
2025-03-14,83.92432813273477,25.562763439276324,139.08274179683576,P3
2025-03-15,44.238108217309666,-14.485826602275168,103.03184848364005,P3
2025-03-16,28.20631329650719,-28.24300298462448,82.78450940604915,P3
2025-03-17,93.59329435455074,31.687388177092657,154.47516592700637,P3
2025-03-18,87.60887822698353,28.09066258489662,143.9751120005345,P3
2025-03-19,88.8386750435568,27.32225564714747,146.1578959999342,P3
2025-03-20,84.91272044687936,28.053958696188516,139.45862031274524,P3
2025-03-21,88.12680031650446,27.441610337105082,148.17522749160239,P3
2025-03-22,46.97054354583207,-11.451983309050894,107.48495390712175,P3
2025-03-23,29.44663490477191,-29.435109925979834,92.61192338390534,P3
2025-03-24,93.36016849552863,34.044156176126826,151.77983136484877,P3
2025-03-25,85.95991580326452,25.814827740648795,144.87685290489227,P3
2025-03-26,85.86759986420805,24.727069947604733,143.24144649883561,P3
2025-03-27,80.74560914518057,19.845220829984733,134.72837657312652,P3
2025-03-28,82.91752289812811,29.214919922059867,143.9689243960076,P3
2025-03-29,40.89555346124203,-19.022979691691702,98.79942634168408,P3
2025-03-30,22.69927297717303,-36.17114701824199,87.51074472928394,P3
2025-03-31,86.14465471890736,27.60970102210358,146.61117391876843,P3
2025-04-01,78.48520946426264,18.87934431474723,136.3476938133847,P3
2025-04-02,78.34130701540224,20.15364459648515,142.03955954417708,P3
2025-04-03,73.36811182492369,16.472965867183216,133.71769370045283,P3
2025-04-04,75.87649413392333,17.538893961559797,130.9729400858523,P3
2025-04-05,34.361007317994094,-26.476659548484754,92.91645153678064,P3
2025-04-06,16.819279946586285,-40.09753921743697,75.68889086316705,P3
2025-04-07,81.04183112391297,23.021054064483216,138.12012175839627,P3
2025-04-08,74.25406323816303,15.663801542912237,134.42194476702582,P3
2025-04-09,75.04649654939537,18.768846138998793,132.05998902616128,P3
2025-04-10,71.04364580888291,13.180533142737195,128.8263957702694,P3
2025-04-11,74.52587203981311,15.887670471987025,130.80625570478955,P3
2025-04-12,33.95827230249334,-25.38945651677405,92.11885841924149,P3
2025-04-13,17.310929440554112,-44.002961123916165,70.67827746399517,P3
2025-04-14,82.34950596995694,22.400172833707632,140.46834896249368,P3
2025-04-15,76.27791464819242,17.426185010578727,138.38705854291166,P3
2025-04-16,77.66911195201607,18.883119781681092,135.04561608505406,P3
2025-04-17,74.13440034589512,19.928977060460625,133.3776043429357,P3
2025-04-18,41.669670424352674,-17.676403834202915,97.65917441280723,P3
2025-04-19,37.56388412942158,-18.47979139788202,95.275729845105,P3
2025-04-20,20.960388050138015,-38.05079785869104,79.9448351869783,P3
2025-04-21,20.04301641798248,-41.229073796405835,82.91268026122721,P3
2025-04-22,79.61524175904954,18.35651042725189,139.20164268022802,P3
2025-04-23,80.67395021364423,21.692955435648255,140.03151827990575,P3
2025-04-24,76.71068796164946,22.84480618444021,137.24891975543915,P3
2025-04-25,80.01692352813131,22.148802205812384,135.66169006614976,P3
2025-04-26,39.075617858708796,-21.950775721817422,96.90718858308891,P3
2025-04-27,21.880708402674685,-39.0105301788692,80.0494762780727,P3
2025-04-28,86.22676730997584,25.566316422753225,141.64557691911278,P3
2025-04-29,79.3505986663532,20.037636578158835,136.44035879120824,P3
2025-04-30,79.86085704182281,21.73539492576077,137.1405139654235,P3
2025-05-01,54.82779252520581,-3.9149029746564006,112.31863456083953,P3
2025-05-02,78.29571987083281,18.069656809514385,136.5426022160021,P3
2025-05-03,37.02760469587426,-25.178932832142564,95.35141786520131,P3
2025-05-04,19.607300074590206,-37.701948897488215,79.30884915790715,P3
2025-05-05,83.83728396279894,22.021535665099144,139.0168772455462,P3
2025-05-06,76.9583750121928,17.376931761070434,137.35543633871802,P3
2025-05-07,77.57927879743471,17.464360751382102,134.66723790831958,P3
2025-05-08,73.3447086022829,12.312816581893971,127.94298519540148,P3
2025-05-09,76.55643958353667,14.354547803095786,133.51193394533576,P3
2025-05-10,35.70138679089159,-20.15567536250934,92.24248388102141,P3
2025-05-11,18.77105474931585,-39.09025756762806,74.64473009790291,P3
2025-05-12,83.55136877926492,23.90597088440952,140.78491287644215,P3
2025-05-13,77.264644275243,17.299343494669806,134.78467848677775,P3
2025-05-14,78.49976145310652,16.984419747981367,134.41097384828382,P3
2025-05-15,74.88094959118546,19.218068990746417,131.41630168574451,P3
2025-05-16,78.68951835853692,23.543553242883466,139.71237366882025,P3
2025-05-17,38.39260397249255,-22.482378622998535,96.93141340558613,P3
2025-05-18,21.963257409187136,-30.758545234264947,85.50848000207205,P3
2025-05-19,87.17086420643132,31.12231376500294,146.948199600116,P3
2025-05-20,81.22363376284088,24.16639231760764,137.86083133298544,P3
2025-05-21,82.69920958675418,25.3389623722276,145.47706864997093,P3
2025-05-22,79.21379132011484,23.371716997404253,139.51581459989416,P3
2025-05-23,83.04409615233365,24.372991317458784,145.44724985062524,P3
2025-05-24,42.6562209333548,-18.026950835757155,94.68707640314358,P3
2025-05-25,26.02572947172129,-30.1652000592917,85.63170815190335,P3
2025-05-26,90.9279556040521,29.552682525674435,148.41286065299397,P3
2025-05-27,84.58026476030233,26.695832753903524,143.27161765115795,P3
2025-05-28,85.57233339274633,25.182916952924863,140.96386810443835,P3
2025-05-29,81.53484940533136,27.66927684891706,135.83585780607942,P3
2025-05-30,84.7609748497913,24.15825141344512,147.90865843074545,P3
2025-05-31,43.73464939437016,-16.285270058136405,98.0449911187206,P3
2025-06-01,26.45007763931845,-33.220308791983854,85.10754581219626,P3
2025-06-02,90.70141077171043,33.497175941960904,149.3468362586505,P3
2025-06-03,83.72438572264826,20.850944795940855,140.19551629345023,P3
2025-06-04,84.12600203617698,27.40078415285228,145.57351980040346,P3
2025-06-05,79.55265856945186,16.34077967433769,139.04352997864365,P3
2025-06-06,82.31111047107474,23.74602500726519,145.01555558247435,P3
2025-06-07,40.89634104344189,-17.813613084122846,98.67170473614524,P3
2025-06-08,23.31070567473806,-34.6559045242479,85.42528350023751,P3
2025-06-09,87.35336946514789,30.769849103867355,146.27811451098182,P3
2025-06-10,80.26180959517029,21.910922842804737,137.77409583458447,P3
2025-06-11,80.64146701692763,24.425304365624015,142.8386051755864,P3
2025-06-12,76.1339703186965,15.084543932089241,135.3831813293088,P3
2025-06-13,79.03828926672318,21.37565147583613,137.1301741516039,P3
2025-06-14,37.838906105980804,-21.627130407877647,92.79254120995984,P3
2025-06-15,20.636653243970656,-39.51691511318734,81.50562981655922,P3
2025-06-16,85.10471928413695,27.198279941545973,145.75226583315,P3
2025-06-17,78.4645922212004,16.963454806669503,142.38395284440722,P3
2025-06-18,79.3049932106877,16.65286726706492,138.68691621789208,P3
2025-06-19,75.2507110742507,17.416383091128452,129.9050800108641,P3
2025-06-20,78.58437334262857,25.73002319222483,140.03706803936177,P3
2025-06-21,37.775221220120635,-18.15087792439132,98.8000453091496,P3
2025-06-22,20.799215391488467,-38.72340515882927,79.5462667004414,P3
2025-06-23,85.42946194103676,27.58569686414189,141.84971447075569,P3
2025-06-24,78.87869603907454,21.37057249826383,138.7170901534887,P3
2025-06-25,79.72987460522187,19.863475378408744,139.16605730841223,P3
2025-06-26,75.60526853247332,16.884911047765726,132.8087691069439,P3
2025-06-27,78.78838185845247,18.20671998351204,138.78038389259194,P3
2025-06-28,37.75275898320258,-19.722789821604128,96.11387506547041,P3
2025-06-29,20.482004262405134,-39.84722278701702,80.07948582950326,P3
2025-06-30,84.76000446753798,27.79777062709853,140.2561613338435,P3
2025-07-01,77.81309679495139,20.514801062978187,136.6462986215376,P3
2025-07-02,78.2402423402557,19.286111988376714,136.9135544057756,P3
2025-07-03,73.68160777829816,15.763087608047837,134.16432228270958,P3
2025-07-04,76.43989788324812,15.943839044407722,135.78655654357144,P3
2025-07-05,35.23678863596521,-27.24781835583504,102.23051246092332,P3
2025-07-06,17.84745152905399,-42.18577930063985,75.42093705657584,P3
2025-07-07,82.0748885559281,21.44888181169333,141.37788736229936,P3
2025-07-08,75.16313548748124,16.47073248280936,132.57650827054132,P3
2025-07-09,75.72676964279658,16.65461110797199,136.21526349020138,P3
2025-07-10,71.41887617262987,14.76695231396604,130.4110361425562,P3
2025-07-11,74.5518362997087,14.101059709174727,130.84000472071918,P3
2025-07-12,33.62503544247082,-25.975168682044895,92.86286984998968,P3
2025-07-13,16.643852005681794,-40.52267600026886,75.38977059214447,P3
2025-07-14,81.4089522753881,20.789884671232436,136.95038972823568,P3
2025-07-15,75.15766641543864,18.63882363491451,135.25263060945443,P3
2025-07-16,76.49353415116886,17.556276958185787,137.97107138021812,P3
2025-07-17,73.05444693449014,16.724628179160266,133.2747919859207,P3
2025-07-18,77.13374788636213,18.725872951143128,142.23322672903976,P3
2025-07-19,37.20838110761988,-19.78033345351235,97.33779435481837,P3
2025-07-20,21.25844076016176,-33.960369575813445,78.38744330534142,P3
2025-07-21,87.05713118150186,26.580715402469263,147.4561496239841,P3
2025-07-22,81.81289542869709,22.898916588743965,137.2628014305549,P3
2025-07-23,84.09978029882637,22.835942147120072,140.82354577700391,P3
2025-07-24,81.81248948033273,24.48900812667496,143.84578266175257,P3
2025-07-25,86.93022258691535,31.137615672782644,151.61220760845242,P3
2025-07-26,47.903843801350085,-10.142237651804262,107.37615354491231,P3
2025-07-27,32.69022678156979,-25.625410115829926,92.3375235786714,P3
2025-07-28,99.04300052411787,39.559115776775485,152.22533174235443,P3
2025-07-29,94.1553815690733,37.76302257538258,155.76905091030537,P3
2025-07-30,96.59113830558776,37.838487475055125,156.1203349523199,P3
2025-07-31,93.95407161021879,32.90039582927603,152.74901527640495,P3
2025-08-01,98.51033204814313,43.496324128564936,157.8693802588623,P3
2025-08-02,58.71762690155714,1.8154114153462924,117.49605683858502,P3
2025-08-03,42.54563297639677,-18.277738172847982,100.37262477865359,P3
2025-08-04,107.76659694185949,47.91405879479862,163.28151482662048,P3
2025-08-05,101.59785695701056,40.35666834277393,162.2539077440254,P3
2025-08-06,102.63233659969222,43.00639277107326,161.78432582803123,P3
2025-08-07,98.50740516364867,38.020748795704584,156.4285759725557,P3
2025-08-08,101.5264387336429,40.059617222916195,160.68529923451456,P3
2025-08-09,60.18715347330026,-0.31954035034794465,122.55513718165287,P3
2025-08-10,42.50104877952108,-14.346801059124438,100.80937077622382,P3
2025-08-11,106.28296670198036,48.159152389123406,168.0791763676139,P3
2025-08-12,98.79252832500921,44.30662074330892,156.4357509257351,P3
2025-08-13,98.95340489448463,39.88370227419396,156.7112764521003,P3
2025-08-14,94.15145568949309,35.259343151407464,151.00354866573994,P3
2025-08-15,96.72487898927224,36.04489328655218,155.0025410351723,P3
2025-08-16,55.20169329804638,-5.827740503641449,113.06521498911839,P3
2025-08-17,37.61830461322657,-19.80257530800729,94.49736779647235,P3
2025-08-18,101.80831227621105,44.20438643746217,162.55573115969048,P3
2025-08-19,95.04333544493748,38.23867871783964,153.75336833035337,P3
2025-08-20,95.96195737951949,36.07228060719328,158.63420967071116,P3
2025-08-21,92.23722438364743,32.611426285819476,149.3726051530943,P3
2025-08-22,96.19707200393121,37.006251369180994,156.66908566719056,P3
2025-08-23,56.351782447443,-1.0623209262363855,114.0729429499455,P3
2025-08-24,40.71283680631517,-16.62214904678203,103.22889978622285,P3
2025-08-25,107.08218710296754,50.75804170588476,168.1620230975264,P3
2025-08-26,102.69371957664062,44.99267395881846,160.8617704163023,P3
2025-08-27,106.14299126550765,44.782103484878846,161.2197614564517,P3
2025-08-28,105.0556574466168,45.39978872239726,168.55617428856496,P3
2025-08-29,111.70893964800483,51.45782901088107,166.84046461141423,P3
2025-08-30,74.5602122996923,11.959952993264425,129.94741054077025,P3
2025-08-31,61.567043419225115,4.299118344461058,124.52691052851706,P3
2025-09-01,130.72971618180844,74.34489807795796,193.93990034861062,P3
2025-09-02,128.97781442090087,66.47937615190311,190.548179744257,P3
2025-09-03,134.8572394930017,74.61020181247564,192.94362999910982,P3
2025-09-04,135.94773076062123,78.55082095689991,193.30531694193976,P3
2025-09-05,144.48536946018407,83.81959167652812,207.9776663005361,P3
2025-09-06,108.89208701170347,50.678343520630875,171.12424780515636,P3
2025-09-07,62.62399112016823,4.993001563192665,118.81104763988071,P3
2025-09-08,166.82498413999818,110.6428132324974,229.72394064524752,P3
2025-09-09,165.24490641613025,104.46866404603927,221.49315676580687,P3
2025-09-10,170.8957356467702,107.66079706023112,229.9302187818635,P3
2025-09-11,171.35873551677187,119.51105577723527,231.3348262373158,P3
2025-09-12,178.8793686448204,117.24113756655886,236.841286412395,P3
2025-09-13,141.89653287594274,80.91421465495293,198.6013302287629,P3
2025-09-14,128.3629425839083,70.2661255397107,191.2200588752664,P3
2025-09-15,196.03564481645208,134.04550403879986,252.8711835318877,P3
2025-09-16,192.11841386027427,138.56269277166385,250.5743157946372,P3
2025-09-17,195.19208640632763,137.5436549369674,251.5722273682285,P3
2025-09-18,192.8832434521918,134.7262526598541,248.97899596207435,P3
2025-09-19,197.485585865417,138.73203550705838,256.44791242568704,P3
2025-09-20,157.48808752029026,97.24238809905953,214.35464812969275,P3
2025-09-21,140.89427562811915,80.36076644898341,200.83553349558875,P3
2025-09-22,205.5116556576084,145.80199515623357,261.2640627342614,P3
2025-09-23,198.59305114447443,140.12247843949336,263.688318297387,P3
2025-09-24,198.76594574484545,141.75167482080255,257.4043227704103,P3
2025-09-25,193.70025663067807,137.27562150857514,250.23258885617682,P3
2025-09-26,195.72890632006522,134.7011561299565,254.5099765697928,P3
2025-09-27,153.37529373783923,96.24210287669786,213.88969382914152,P3
2025-09-28,134.67202732035884,76.43132805263205,188.58884992501405,P3
2025-09-29,197.4499468021969,138.11431858574818,258.3336248898065,P3
2025-09-30,188.97920909150218,134.02748607638927,247.60873523654456,P3
2025-10-01,187.89852653611445,130.35613701005792,244.91786594188332,P3
2025-10-02,181.88298353926203,124.37715839523503,238.9410927469891,P3
2025-10-03,183.2647915959724,126.37761932603834,243.51976766036657,P3
2025-10-04,140.56107293831988,81.89939899036736,198.85930457399684,P3
2025-10-05,121.7930218288689,63.96576293812171,179.5391405376216,P3
2025-10-06,184.77545367491143,124.21402179915117,243.31299511630368,P3
2025-10-07,176.75849878761946,117.64958449675743,239.15273019192634,P3
2025-10-08,176.35750898088202,123.04883077381685,236.90095350285176,P3
2025-10-09,171.22158199701002,114.61015315290784,228.35988637971656,P3
2025-10-10,173.6550426264674,115.2170485047572,232.19380817865587,P3
2025-10-11,132.14594993492886,75.80562868760855,193.6407856950425,P3
2025-10-12,72.6526397565489,12.880798476700775,126.83691430996248,P3
2025-10-13,179.06053546337452,124.48733062876626,236.67852506505056,P3
2025-10-14,172.49124489213264,107.19376727001388,230.33462147058285,P3
2025-10-15,173.566203001707,116.04840696109909,234.61097791705046,P3
2025-10-16,169.90904976716195,114.61940287184706,228.26198191370295,P3
2025-10-17,173.80079759565112,115.40087107418641,236.25478678597335,P3
2025-10-18,133.7086124385552,75.6294467049273,190.60427619226553,P3
2025-10-19,117.6058570393315,54.82456224314666,175.73642627555589,P3
2025-10-20,183.26239053189633,126.19918920574958,241.90126711813147,P3
2025-10-21,177.8868703617883,120.49483573451639,232.50734010793616,P3
2025-10-22,180.05711911882133,117.09384355119614,237.59913564644646,P3
2025-10-23,177.38896087229372,116.24856478914573,233.98247298195437,P3
2025-10-24,182.15787049904935,121.20788050905453,242.41272864412738,P3
2025-10-25,142.82751467744743,86.35759279252161,197.59328130055462,P3
2025-10-26,127.36952724731442,65.80900429295748,183.8598226474356,P3
2025-10-27,193.5535278586634,133.5285196675809,249.6251461862254,P3
2025-10-28,188.58914434819857,130.03523599238855,249.08837522065724,P3
2025-10-29,191.05611510531938,134.27188789270377,248.1417140914388,P3
2025-10-30,188.57288839979213,129.15389706922576,246.39558193028236,P3
2025-10-31,193.4180727846003,133.80663361701409,252.06019199465072,P3
2025-11-01,154.05882573598163,96.90313446345529,211.19173978977676,P3
2025-11-02,131.37858188879238,73.23605558562417,194.2227730475371,P3
2025-11-03,204.42676474858038,143.11469003687256,260.3352226196852,P3
2025-11-04,199.14134811767894,138.09257757464147,255.43541720354892,P3
2025-11-05,201.19849921981483,140.69929834239034,258.5655006065714,P3
2025-11-06,198.22155757864874,143.71355091918034,258.24969189519067,P3
2025-11-07,202.49459104233298,144.33921011819947,260.87369223257,P3
2025-11-08,162.49097476654634,99.02979563104657,225.87944946311873,P3
2025-11-09,146.19327760542842,85.28818344172147,208.9933567800683,P3
2025-11-10,211.3834550996224,155.64580939229938,272.4883117242921,P3
2025-11-11,205.28509600536455,144.03127504779735,263.58363323395616,P3
2025-11-12,206.49378192795018,146.71924728533287,264.4250752107442,P3
2025-11-13,202.6459577403709,142.20048654064834,259.28245451275126,P3
2025-11-14,206.04064581069346,146.18564000159134,265.22911806596323,P3
2025-11-15,135.35321228759253,81.51764339927502,190.9741174312407,P3
2025-11-16,148.02950984399905,87.59454590938175,208.26789473862422,P3
2025-11-17,212.42739434010207,155.9976111221652,274.0586568632293,P3
2025-11-18,205.60734596024548,146.27135453085273,262.81600437171295,P3
2025-11-19,206.1882626920256,151.09982407211572,265.0550573455337,P3
2025-11-20,58.05262556795344,-0.9583058104429566,120.39851133039932,P3
2025-11-21,204.85872206683968,149.44134697159993,264.7759610888879,P3
2025-11-22,163.78681556170022,107.04195555129392,224.55854686285372,P3
2025-11-23,146.640333817243,87.52960195661493,206.1428506159479,P3
2025-11-24,211.24434547815775,157.3955790429488,276.71041296415854,P3
2025-11-25,204.86512385171642,145.15255139727915,259.4198456585032,P3
2025-11-26,206.1395266059681,141.0653086081847,263.72744802087715,P3
2025-11-27,202.74280274745058,141.23334529570477,260.27539000566253,P3
2025-11-28,207.0091856686867,150.94582119326478,265.38517403096154,P3
2025-11-29,167.45936702951616,109.51742378776322,226.2492889116906,P3
2025-11-30,152.1192108292082,88.4243253794118,210.88290283330326,P3
2025-12-01,218.808733612032,157.58794935096722,278.78086700081735,P3
2025-12-02,214.78312834387825,157.54566003309563,274.5888500468806,P3
2025-12-03,218.66192518210408,156.90804753513834,279.2664120411705,P3
2025-12-04,218.09672262701133,161.0833789882093,277.43173563358715,P3
2025-12-05,225.39185898671485,166.1205391607133,282.71289722186333,P3
2025-12-06,189.03212614569662,134.59529085060575,247.70657064597236,P3
2025-12-07,177.0018879367803,119.04297489743074,238.64321433771408,P3
2025-12-08,247.07462744798798,186.86163756238295,310.0084753797687,P3
2025-12-09,246.4546945279235,190.29544632258882,301.2326006688352,P3
2025-12-10,253.70733575679412,197.4457459772383,316.63461177826144,P3
2025-12-11,256.4274248962974,198.22533956690236,316.40288610427535,P3
2025-12-12,266.86124402489577,208.69051476600484,326.86648070208764,P3
2025-12-13,233.4353937883896,171.85580821505752,292.66485108370955,P3
2025-12-14,224.0771682036069,168.0919558063662,285.57268997480236,P3
2025-12-15,296.5053888292276,234.05006298641993,356.96915315409035,P3
2025-12-16,297.8734381276362,245.43368896009076,356.0767325610913,P3
2025-12-17,306.7005417436997,247.1706196361202,364.5248196236057,P3
2025-12-18,310.54168492709186,253.32574835787275,370.1912219252071,P3
2025-12-19,321.6104811743298,264.3956528404282,379.7162441072197,P3
2025-12-20,288.30904093804156,228.00300357732044,346.42676140328354,P3
2025-12-21,278.54914768680106,217.72378278103704,340.4976421855662,P3
2025-12-22,350.043711230913,290.0283210299961,409.5017271946847,P3
2025-12-23,349.95021725038964,286.6727925834502,405.0060813249996,P3
2025-12-24,356.8022065435215,294.8214263001083,421.4894972343157,P3
2025-12-25,378.56908947492815,321.94983701024205,435.8844987674119,P3
2025-12-26,366.3290896692618,305.2852544070705,427.0157535233783,P3
2025-12-27,329.6979214262415,267.8557633431521,389.8139885169774,P3
2025-12-28,316.2499212960212,258.5201491645708,374.6511562411371,P3
2025-12-29,383.758209732905,329.52796787350064,438.88378384067994,P3
2025-12-30,379.4470640401985,324.92524260386205,438.5650020157126,P3
2025-12-31,381.92207853734817,324.4076377473358,439.1593519194163,P3
2026-01-01,284.0173648176971,224.14022811372902,345.6058881180422,P3
2026-01-02,382.5226687480965,324.7874313179436,440.10862397420743,P3
2026-01-03,341.49889552054503,282.9587240374197,399.74774692832375,P3
2026-01-04,323.8090509391734,264.10961527953185,386.3255251605545,P3
2026-01-05,387.3009661870241,324.4356684001535,443.1325292882475,P3
2026-01-06,379.26917752287284,323.7265983634579,439.75072115985546,P3
2026-01-07,378.3835273578661,321.3454892610995,437.053114918061,P3
